Month,Tourist Arrival,NegativityQDAP,PositivityQDAP,TOPIC 1,TOPIC 2,TOPIC 3,TOPIC 4,TOPIC 5,TOPIC 6,TOPIC 7,TOPIC 8,TOPIC 9,TOPIC 10,CCI,PMI,REERI,Class
01/01/2008,399556,0.18181818,0.09090909,0.008714993,0.010894473,0.889993195,0.011227505,0.010640964,0.001709834,0.014931973,0.027565786,0.014080746,0.010240533,98.4,53.3,109,Train
01/02/2008,411032,0,0.09090909,0.009084854,0.010974071,0.00722121,0.006829131,0.006409651,0.005451212,0.011672885,0.014947726,0.913561268,0.013847992,90.8,53,108,Train
01/03/2008,414332,0.14285714,0,0.008164083,0.005849203,0.006916745,0.009096501,0.00719614,0.001610877,0.007281315,0.005533491,0.0141983,0.934153344,89.5,53.4,106,Train
01/04/2008,395900,0.21428571,0.07142857,0.007528202,0.013788933,0.005867428,0.911019639,0.012190712,0.001258646,0.014063044,0.019446225,0.006806929,0.008030241,82.6,56.4,106,Train
01/05/2008,366387,0,0.1,0.008862369,0.007257191,0.010529022,0.011619018,0.014288134,0.001458239,0.01596848,0.915464025,0.010944356,0.003609168,79.8,57.2,106,Train
01/06/2008,352945,0.14285714,0,0.011264041,0.006632302,0.008489192,0.011277242,0.010574615,0.002002643,0.911306671,0.022794844,0.009589391,0.006069058,76.4,51.3,107,Train
01/07/2008,330000,0,0,0.006494644,0.008933366,0.007294856,0.006192367,0.006247156,0.002975053,0.013054853,0.023750069,0.914466022,0.010591613,81.2,50,106,Train
01/08/2008,339000,0.06666667,0,0.006556454,0.004657665,0.005528876,0.007312184,0.00574145,0.001293913,0.005695757,0.004158457,0.011156893,0.94789835,83,46.4,109,Train
01/09/2008,286389,0.0625,0.0625,0.912572929,0.009167139,0.007478999,0.010277565,0.007760442,0.003640147,0.014375693,0.015068047,0.009056028,0.01060301,90.3,46.4,111,Train
01/10/2008,296742,0.18181818,0.09090909,0.91416954,0.009037253,0.007137762,0.010139143,0.007654235,0.003592803,0.014689031,0.015028052,0.008843205,0.009708976,77.6,49.2,117,Train
01/11/2008,279904,0.125,0,0.896473431,0.010178174,0.008040726,0.011368679,0.008673088,0.003972347,0.020622542,0.020221429,0.010483221,0.009966363,75.3,42.6,118,Train
01/12/2008,358048,0,0,0.012554705,0.009509414,0.010816018,0.015189967,0.011441372,0.002458088,0.01175278,0.009236341,0.021733609,0.895307706,80.1,36.8,117,Train
01/01/2009,370000,0,0.08333333,0.017232776,0.23518203,0.016060741,0.524610903,0.025355671,0.003596273,0.022642217,0.124488436,0.017702686,0.013128266,81.2,39.2,118,Train
01/02/2009,342913,0,0.25,0.012671869,0.016954172,0.012852941,0.011269333,0.010696088,0.005004721,0.019441079,0.024702287,0.865229426,0.021178086,76.3,43.3,120,Train
01/03/2009,303489,0.14285714,0.07142857,0.005961899,0.004288932,0.005045035,0.006678978,0.005183318,0.00118354,0.005106646,0.003715335,0.010205171,0.952631147,77.3,47,121,Train
01/04/2009,305430,0,0,0.006030683,0.007286314,0.931647007,0.006069895,0.006962694,0.001107239,0.009717377,0.017024765,0.007459949,0.006694077,85.1,50.4,118,Train
01/05/2009,292843,0,0,0.880086675,0.012732172,0.009911968,0.013845623,0.011609913,0.005115163,0.020009214,0.021337646,0.012473688,0.012877937,88.7,51.5,115,Train
01/06/2009,279147,0,0,0.008091697,0.917544757,0.007537014,0.020438511,0.006703348,0.002133515,0.007944164,0.011288583,0.011932899,0.006385513,90.8,51.1,114,Train
01/07/2009,271422,0,0.14285714,0.007917178,0.014649351,0.005931214,0.913877762,0.012842324,0.00127387,0.012636498,0.015721601,0.006363171,0.008787032,86,51.2,113,Train
01/08/2009,314915,0.15384615,0.07692308,0.006144808,0.004789911,0.00733485,0.007572948,0.010097117,0.000972167,0.011204511,0.943089269,0.006556664,0.002237754,85.7,51.3,112,Train
01/09/2009,304419,0.16666667,0,0.004911732,0.00501415,0.004968147,0.01026059,0.938575735,0.001142271,0.008916241,0.016271871,0.004589767,0.005349495,93.5,52,112,Train
01/10/2009,227859,0,0,0.007325927,0.009066355,0.00583175,0.005371987,0.005011055,0.0029128,0.009838377,0.012341887,0.931190476,0.011109385,90.6,52.3,110,Train
01/11/2009,387871,0,0,0.011040814,0.006498068,0.007953652,0.011222193,0.011724171,0.001981447,0.914953836,0.019135573,0.00934381,0.006146438,87.4,53.2,110,Train
01/12/2009,376400,0,0,0.008711372,0.915783157,0.008090476,0.017723581,0.006909469,0.002351284,0.008666134,0.011527648,0.012922489,0.00731439,92.5,53.2,110,Train
01/01/2010,416249,0,0.05,0.005825097,0.011451297,0.004411101,0.935364498,0.009738477,0.000949756,0.009378815,0.011485141,0.004748437,0.00664738,94.4,54.6,110,Train
01/02/2010,446323,0,0.07692308,0.004806418,0.007282118,0.004975231,0.004516974,0.004515092,0.002367725,0.008231351,0.010759364,0.943494533,0.009051195,93.6,53.8,111,Train
01/03/2010,473509,0.14285714,0,0.915350261,0.00894009,0.007071288,0.009834768,0.007569628,0.003564069,0.014619812,0.014970166,0.00874595,0.009333967,93.6,53.2,110,Train
01/04/2010,432608,0,0.11111111,0.014135199,0.009946486,0.012280165,0.018855612,0.487137786,0.002357276,0.024499163,0.414176837,0.011889618,0.006924973,92.2,53.1,110,Train
01/05/2010,350982,0,0.17647059,0.007981387,0.196179473,0.008975449,0.691937787,0.01658949,0.005134599,0.014309692,0.017409617,0.015929354,0.0124533,93.6,53.7,112,Train
01/06/2010,375707,0.16666667,0.33333333,0.007981387,0.016422915,0.009965087,0.757281338,0.020510128,0.002108695,0.029273323,0.127740874,0.009773846,0.008804511,96,51.9,113,Train
01/07/2010,410000,0,0,0.012179983,0.008327415,0.011853263,0.013148365,0.016798889,0.001661289,0.020420743,0.90208466,0.011220296,0.004173354,87.8,50.1,111,Train
01/08/2010,427935,0,0.07692308,0.012179983,0.007842471,0.00966206,0.014689475,0.01352623,0.002272125,0.889493645,0.032509052,0.011047088,0.006873281,88.9,49.2,110,Train
01/09/2010,383463,0.18181818,0.18181818,0.007981387,0.016441156,0.00927031,0.659973023,0.226946792,0.002205671,0.023328724,0.02899763,0.008466557,0.012328949,88.2,49.7,109,Train
01/10/2010,440071,0.15384615,0,0.014135199,0.013410168,0.010148082,0.35713641,0.245027047,0.00214879,0.0209635,0.320715604,0.008145633,0.007642859,87.7,51.8,107,Train
01/11/2010,428295,0.14285714,0.14285714,0.014135199,0.01276229,0.005138925,0.923372227,0.011789345,0.001191822,0.011977361,0.013602787,0.005496698,0.007725392,91.6,52.7,107,Train
01/12/2010,44957,0.22222222,0,0.007981387,0.904574012,0.008928676,0.02019896,0.00795206,0.00253928,0.009538188,0.012779487,0.016414364,0.007527535,94.5,53.2,108,Train
01/01/2011,506424,0.15384615,0,0.012179983,0.007037027,0.008083212,0.011748866,0.01039704,0.00211734,0.913454908,0.020074618,0.009623743,0.006182479,94.2,51.9,106,Train
01/02/2011,529315,0,0.18181818,0.013623969,0.009765585,0.543426617,0.011285682,0.010471373,0.002275107,0.012525469,0.016311068,0.020967973,0.362115086,97.5,51.9,106,Train
01/03/2011,475733,0.17647059,0,0.012179983,0.008385968,0.006437369,0.010081876,0.007333112,0.003529518,0.014042546,0.013813132,0.008297189,0.008693208,87.5,53.9,105,Train
01/04/2011,460000,0.15384615,0,0.012179983,0.006972405,0.004503049,0.003999573,0.003822154,0.002835523,0.006995359,0.008694313,0.948247623,0.009147482,89.8,53,104,Train
01/05/2011,480886,0.2,0,0.014135199,0.013080111,0.014950324,0.019299041,0.016213055,0.003410111,0.017703821,0.014276571,0.029000141,0.853747696,94.3,50.5,104,Train
01/06/2011,446966,0.14285714,0.07142857,0.012179983,0.009165424,0.007247924,0.010007091,0.008118403,0.00367565,0.014462671,0.015680814,0.009632639,0.009616182,91.5,49.5,104,Train
01/07/2011,460000,0.25,0,0.007981387,0.916589214,0.008030663,0.017331641,0.00673563,0.002530536,0.008544287,0.011553779,0.012417728,0.006795265,83.7,49,103,Train
01/08/2011,552234,0.125,0,0.008884087,0.006716767,0.010253657,0.014040587,0.582623636,0.001863559,0.022036729,0.338563034,0.009485539,0.005490568,75.8,49.4,104,Train
01/09/2011,286618,0,0,0.007981387,0.017852018,0.009598243,0.755520039,0.123447135,0.002255788,0.02573125,0.030783984,0.009019175,0.012525184,79.5,51.5,106,Train
01/10/2011,518477,0.1875,0,0.012179983,0.007741088,0.011417623,0.012178014,0.015512852,0.001565007,0.019044576,0.908113632,0.010753944,0.003847893,80.8,48.7,107,Train
01/11/2011,611864,0.22222222,0,0.014135199,0.00986735,0.905893067,0.009081083,0.009831122,0.001547833,0.013518828,0.021572466,0.010367738,0.009633475,83.7,50.5,108,Train
01/12/2011,593408,0.125,0,0.014135199,0.011767182,0.004787614,0.934193128,0.010562647,0.000947583,0.009717561,0.011002061,0.004720074,0.006493534,89.9,49.3,108,Train
01/01/2012,630000,0,0,0.012179983,0.007275312,0.00868353,0.012758984,0.011056596,0.002237931,0.902689053,0.0232605,0.011884786,0.007036342,95,48,108,Train
01/02/2012,681849,0.07142857,0.14285714,0.014135199,0.014166052,0.008203036,0.010503001,0.0113634,0.866321093,0.017790548,0.016068903,0.022802369,0.011675959,95.3,46,106,Train
01/03/2012,561877,0.06666667,0.13333333,0.008884087,0.006768375,0.002401448,0.963228699,0.00563316,0.000531369,0.005454097,0.006417038,0.00251188,0.003784263,96.2,50,107,Train
01/04/2012,620000,0.0625,0.0625,0.005161046,0.004499134,0.006438543,0.006679007,0.009542062,0.000853449,0.009640316,0.949440392,0.005817102,0.001928949,96.4,49.5,107,Train
01/05/2012,615523,0.1,0,0.007981387,0.094451511,0.01116259,0.01308996,0.008940294,0.005225391,0.014398866,0.018873767,0.803469188,0.017650775,99.3,48.3,108,Train
01/06/2012,417429,0,0,0.014135199,0.012152717,0.005272584,0.924182758,0.011571409,0.001089651,0.011973001,0.014237889,0.005215603,0.007337729,93.2,46.6,110,Train
01/07/2012,466000,0.1,0,0.012179983,0.007486745,0.937910784,0.005806066,0.006181433,0.001049496,0.00883145,0.013370389,0.006983634,0.006680024,92.3,43.6,109,Train
01/08/2012,525292,0,0.1,0.008884087,0.00666682,0.007711792,0.015005169,0.90777886,0.001667365,0.014942807,0.023784136,0.007180533,0.007965697,94.3,47.9,108,Train
01/09/2012,460238,0.15384615,0,0.008884087,0.006721543,0.008328555,0.01173366,0.010983425,0.002030948,0.910454785,0.022313673,0.009780633,0.006177284,98.3,49.2,107,Train
01/10/2012,495576,0.16666667,0,0.012179983,0.007266444,0.009725399,0.012172807,0.014671191,0.001400704,0.016850747,0.91625291,0.009023591,0.003378849,102.6,48.7,107,Train
01/11/2012,655701,0.14285714,0.14285714,0.006025279,0.006031795,0.007551682,0.009967137,0.010180651,0.001004165,0.010691155,0.939443286,0.006705009,0.002349036,102.7,50.5,107,Train
01/12/2012,614673,0,0.11111111,0.012179983,0.009216604,0.00576348,0.005520416,0.00509033,0.002763327,0.008838262,0.011632515,0.934280356,0.010945532,92.9,49.3,107,Train
01/01/2013,651812,0.22222222,0,0.014135199,0.011690164,0.00844836,0.007429006,0.00681899,0.003556996,0.012249023,0.015383524,0.91121352,0.014768586,93.8,50.1,115,Train
01/02/2013,570476,0.22222222,0.11111111,0.007981387,0.902746858,0.010319685,0.01917087,0.008045834,0.002636984,0.010336614,0.014192773,0.014362661,0.007827527,97.6,51.2,116,Train
01/03/2013,587366,0,0,0.014135199,0.012873971,0.005137991,0.923739781,0.011080623,0.001144269,0.011392573,0.013523537,0.006003493,0.007852144,98.6,50.8,117,Train
01/04/2013,613919,0.08333333,0,0.006123951,0.005412332,0.006048116,0.012140534,0.926692766,0.001370976,0.011201067,0.018732135,0.005658292,0.006619832,96.4,51,116,Train
01/05/2013,558751,0.07142857,0.14285714,0.014135199,0.011370866,0.010216121,0.013298895,0.010328914,0.004881556,0.016299632,0.015053547,0.015242377,0.081820203,104.5,51.6,116,Train
01/06/2013,567291,0.1,0,0.006668981,0.005593389,0.009010936,0.009180787,0.011085153,0.001118719,0.011908698,0.934223773,0.008511939,0.002697625,104.1,52.5,117,Train
01/07/2013,658325,0.22222222,0,0.013623969,0.009644944,0.010875511,0.015980729,0.011568241,0.00247327,0.01185218,0.009335278,0.021770295,0.893864496,105.1,48.5,118,Train
01/08/2013,676719,0.15384615,0,0.007981387,0.020814669,0.089603204,0.782790147,0.018289537,0.002210901,0.018550092,0.024241831,0.014915633,0.015742654,102.1,49.4,118,Train
01/09/2013,614827,0,0.125,0.008884087,0.006689444,0.007865359,0.010369442,0.008237618,0.001818497,0.008427855,0.006381462,0.015667277,0.925196306,97.5,51.5,117,Train
01/10/2013,628695,0,0,0.014135199,0.012093959,0.009630239,0.013429145,0.010580383,0.004567598,0.019515146,0.020738497,0.012022462,0.012494727,93.2,51.5,116,Train
01/11/2013,713034,0,0,0.014135199,0.014135199,0.005442315,0.919400174,0.011969238,0.001178502,0.012912167,0.013959515,0.005942543,0.007951698,95.1,50.3,117,Train
01/12/2013,722349,0.16666667,0.16666667,0.006354919,0.004001407,0.005337352,0.007435426,0.006478603,0.001257646,0.947785625,0.011560383,0.006013731,0.003774907,102.5,51.8,117,Train
01/01/2014,776174,0.08333333,0.08333333,0.00913583,0.01573653,0.106579385,0.015550015,0.016369859,0.005573083,0.033644798,0.107154992,0.016088555,0.01594761,101.2,52.1,123,Train
01/02/2014,842026,0.2,0,0.00773546,0.004929618,0.006528685,0.008687366,0.008481034,0.001510418,0.926338248,0.023778405,0.00784245,0.004168317,101.6,51,116,Train
01/03/2014,709725,0.11111111,0,0.00893407,0.005849044,0.006968367,0.011401317,0.009223614,0.001751326,0.923463529,0.017949946,0.009084029,0.005374759,100,51.3,116,Train
01/04/2014,74598,0,0,0.014135199,0.011527387,0.0085788,0.008011992,0.008057701,0.003512014,0.011933691,0.015942625,0.909811307,0.014793369,104.1,53.1,115,Train
01/05/2014,674204,0,0,0.014135199,0.010541186,0.008250382,0.011232531,0.008769951,0.004287781,0.01610198,0.017905321,0.010602537,0.010731328,101.9,52.5,115,Train
01/06/2014,539776,0.33333333,0,0.012179983,0.008151329,0.009482121,0.012765939,0.017106369,0.002267652,0.898866574,0.021005867,0.010434235,0.007703604,102.5,56.3,115,Train
01/07/2014,564736,0,0.27272727,0.007981387,0.096878534,0.013856474,0.470834779,0.023443616,0.005138832,0.232196993,0.028450469,0.015144101,0.015857112,101.8,51.7,115,Train
01/08/2014,618588,0,0,0.013623969,0.009544529,0.011693035,0.021985747,0.872288446,0.002260128,0.019228828,0.031665204,0.009998842,0.011086109,102.5,50.3,116,Train
01/09/2014,590881,0,0,0.012179983,0.007405539,0.930784743,0.006459968,0.006888285,0.001149632,0.009924938,0.016028257,0.007678383,0.007272648,104.6,51.7,117,Train
01/10/2014,559002,0,0.11111111,0.012179983,0.006952293,0.00968086,0.010576043,0.008527377,0.001874201,0.00874603,0.006754124,0.015981659,0.92129312,106.9,51,118,Train
01/11/2014,608617,0.125,0,0.008728162,0.005539131,0.006892345,0.009617102,0.008753879,0.001699135,0.927032654,0.017852963,0.008740779,0.005143851,108.8,52.1,120,Train
01/12/2014,657304,0,0,0.012179983,0.007981387,0.003652359,0.950006982,0.007055246,0.000683567,0.007037981,0.011457398,0.003377847,0.004572058,113.6,51.5,121,Train
01/01/2015,700692,0,0.08333333,0.007013354,0.005528148,0.008271396,0.008847373,0.011492785,0.001109004,0.01250344,0.935115748,0.007492228,0.002626526,118.1,52.7,118,Train
01/02/2015,756000,0.27272727,0.18181818,0.006025279,0.006295286,0.008041077,0.013513907,0.856803131,0.001673305,0.017269984,0.075365386,0.007146689,0.006381241,115.4,51.7,120,Train
01/03/2015,617895,0.25,0,0.012179983,0.008954962,0.910461523,0.008189754,0.008681863,0.001415278,0.012903428,0.022957134,0.01021852,0.008517894,113,50.7,122,Train
01/04/2015,69044,0,0.07692308,0.0091184,0.005285272,0.006408906,0.009290585,0.008196906,0.001606416,0.928924856,0.018693932,0.007420419,0.005054308,115.9,53.5,121,Train
01/05/2015,576868,0.30769231,0.07692308,0.012179983,0.008260185,0.011736043,0.01302377,0.016655996,0.001634495,0.018990931,0.904292841,0.011106433,0.004126536,110.7,54.8,120,Train
01/06/2015,529445,0,0.5,0.007981387,0.912207537,0.008568565,0.017645905,0.007215174,0.002428139,0.009271409,0.012694858,0.01347531,0.007101354,116.1,52.2,121,Train
01/07/2015,593566,0.07692308,0.23076923,0.014135199,0.01248831,0.004695529,0.930303086,0.010238098,0.001026336,0.00994172,0.012666818,0.004975262,0.007070739,113.1,52.6,122,Train
01/08/2015,664985,0,0.14285714,0.009121202,0.005834666,0.006867367,0.010084201,0.010670192,0.001801848,0.925915067,0.016353459,0.008054561,0.005297438,111.9,51.3,124,Train
01/09/2015,626324,0,0,0.012179983,0.008316206,0.010116363,0.014771643,0.013240256,0.002395765,0.889714095,0.029239989,0.011851742,0.007461408,107.2,49.5,125,Train
01/10/2015,649099,0.08333333,0.08333333,0.006025279,0.006436405,0.009637421,0.010271237,0.013148744,0.00129229,0.015586321,0.923692439,0.008782398,0.0031203,110,50.1,124,Train
01/11/2015,732740,0,0.17647059,0.012179983,0.007929213,0.00678635,0.006425365,0.005731921,0.00288396,0.007266117,0.006758716,0.57270982,0.376768251,111.3,49.4,125,Train
01/12/2015,760798,0.11111111,0,0.006828929,0.004869331,0.005811856,0.007668349,0.006022672,0.001355375,0.005988854,0.004463271,0.011804661,0.945186701,112.6,51.3,126,Train
01/01/2016,815200,0,0.11111111,0.012179983,0.007588966,0.009446329,0.013495322,0.012354927,0.002217652,0.894156268,0.031330802,0.010883525,0.006677923,112,51.5,126,Train
01/02/2016,843726,0.0625,0,0.007981387,0.018758364,0.009795811,0.784948326,0.018152689,0.002290729,0.014971031,0.015753405,0.016346328,0.107020036,111.7,50.3,125,Train
01/03/2016,830608,0.09090909,0,0.013623969,0.009846505,0.008133807,0.006250806,0.006109013,0.003082439,0.010998916,0.024457363,0.912820893,0.011148374,111,50.7,123,Train
01/04/2016,799612,0.1,0.1,0.004663631,0.005006864,0.005594982,0.010552365,0.938811164,0.001149961,0.009022842,0.014597574,0.005068138,0.005532478,109,52.3,121,Train
01/05/2016,767373,0.23076923,0,0.007981387,0.017296344,0.011289796,0.769691807,0.01922725,0.00200237,0.032932389,0.115376585,0.011172016,0.009384814,114.7,52.7,123,Train
01/06/2016,710574,0.18181818,0,0.012179983,0.007529276,0.010817844,0.011941366,0.015329164,0.001509303,0.01868137,0.910991333,0.010159648,0.003695066,113.5,52.6,123,Train
01/07/2016,856438,0.07142857,0.07142857,0.012179983,0.0092989,0.006180234,0.005957298,0.005362316,0.00290953,0.009810006,0.012359393,0.929780152,0.011753602,110,51.9,124,Train
01/08/2016,909866,0.15384615,0.07692308,0.007981387,0.017232881,0.011687697,0.63995127,0.022391034,0.002521694,0.172997914,0.097663279,0.011136808,0.009912394,109.8,52.2,123,Train
01/09/2016,823135,0.33333333,0.11111111,0.012179983,0.008327415,0.011853263,0.013148365,0.016798889,0.001661289,0.020420743,0.90208466,0.011220296,0.004173354,111.2,52.9,124,Train
01/10/2016,822145,0,0,0.007981387,0.020543255,0.006039356,0.907384248,0.01289624,0.001362584,0.012295078,0.015420332,0.007278779,0.008613346,107.2,51.7,125,Train
01/11/2016,936779,0.07692308,0.15384615,0.014135199,0.011017057,0.015153605,0.017078599,0.02396801,0.002209915,0.02490464,0.870546497,0.015824188,0.005874447,113.8,54,127,Train
01/12/2016,897279,0,0,0.012179983,0.008583855,0.01155201,0.013192335,0.015693908,0.001801509,0.034846098,0.886187299,0.012944699,0.004230221,118.2,52.4,129,Train
01/01/2017,1007238,0,0,0.012179983,0.008025351,0.011468213,0.014437683,0.01574563,0.001548305,0.017331312,0.90728616,0.01066045,0.003953164,118.5,51.9,129,Train
01/02/2017,1199421,0.11111111,0.22222222,0.007981387,0.021948592,0.590221804,0.022719127,0.029698924,0.003813124,0.036436227,0.230959658,0.024759729,0.017182486,116.3,54.2,127,Train
01/03/2017,1005821,0,0.1,0.00913583,0.014798373,0.008301697,0.010704301,0.011442232,0.863737147,0.017677812,0.016211472,0.023032082,0.0118159,116.9,54.6,127,Train
01/04/2017,1071650,0,0,0.014135199,0.009988692,0.015150632,0.015650706,0.020560638,0.001998211,0.022333698,0.882421651,0.01435064,0.005248832,117,54.1,126,Train
01/05/2017,972844,0,0.13333333,0.008514461,0.005341886,0.006604058,0.009260127,0.009205048,0.001646632,0.930589307,0.015745888,0.008036582,0.005056012,117.1,51.6,125,Train
01/06/2017,949362,0.33333333,0.22222222,0.005834407,0.005934651,0.006001402,0.011983446,0.927560701,0.001354809,0.010686316,0.018469005,0.005664347,0.006510914,115,52.5,124,Train
01/07/2017,1036880,0.33333333,0,0.008884087,0.006778451,0.007243582,0.014327108,0.911635684,0.001640243,0.01395461,0.022292015,0.007130252,0.007867429,113.4,51.2,122,Train
01/08/2017,1229163,0,0.28571429,0.012179983,0.007383066,0.00571812,0.008051689,0.006072612,0.003159322,0.011956572,0.011958971,0.007129792,0.007657454,116.8,51.8,121,Train
01/09/2017,975952,0,0,0.012179983,0.00912839,0.007594759,0.014641461,0.906773324,0.001711696,0.015464724,0.022522487,0.007231962,0.007593072,115.1,53.3,120,Train
01/10/2017,1024899,0,0.11111111,0.007981387,0.170405722,0.011474087,0.703680107,0.015583183,0.002717024,0.016358894,0.038060769,0.016454031,0.0104545,120.7,51.6,122,Train
01/11/2017,1172568,0.11111111,0.22222222,0.007981387,0.492550246,0.014970473,0.023895591,0.011777803,0.006310832,0.017296301,0.02360924,0.374705089,0.019586282,118.5,51.4,122,Train
01/12/2017,1276353,0.2,0,0.007981387,0.02144863,0.090930037,0.015419171,0.019325495,0.006168289,0.150906948,0.073752274,0.586381505,0.019548854,115.9,52.5,122,Train
01/01/2018,1430242,0.09090909,0.09090909,0.006297999,0.005028288,0.008250816,0.008000904,0.010879817,0.001030511,0.012307226,0.938607929,0.007159079,0.002437431,115.7,53.4,120,Train
01/02/2018,1431845,0,0,0.012179983,0.006967338,0.935517709,0.005990695,0.006694848,0.001082667,0.009213253,0.014385936,0.007225222,0.006920602,119.7,53.5,119,Train
01/03/2018,1343314,0,0,0.014135199,0.011381459,0.226956357,0.023045057,0.206936544,0.003235669,0.395485908,0.093885831,0.013132753,0.011390686,121.4,51.6,119,Train
01/04/2018,1341913,0,0.2,0.012179983,0.006951088,0.007641142,0.01446613,0.904573657,0.001776896,0.013006945,0.02040897,0.008083914,0.015541754,118.8,52.7,120,Train
01/05/2018,1161114,0.1875,0,0.012179983,0.007012713,0.010107545,0.011178994,0.015107977,0.001407626,0.015954034,0.917301218,0.009879393,0.003465105,118,53.9,123,Train
01/06/2018,1183102,0,0,0.007981387,0.035332634,0.022527364,0.027947603,0.028069134,0.364967162,0.048521652,0.046709579,0.046661752,0.030757179,118.2,55.7,124,Train
01/07/2018,1188817,0.22222222,0.11111111,0.014135199,0.010608064,0.004322554,0.936775985,0.009194112,0.00092615,0.009927782,0.011410089,0.004481376,0.006354143,117.9,54.9,124,Train
01/08/2018,1323546,0,0.18181818,0.014135199,0.010361898,0.007362124,0.010372141,0.008423815,0.003710869,0.014982141,0.015488478,0.009079509,0.009632974,116.2,53.7,125,Train
01/09/2018,1212597,0.125,0.125,0.014135199,0.012354578,0.007115318,0.007924722,0.006390585,0.00343911,0.011407537,0.013869961,0.914977631,0.013865519,120.1,51.5,125,Train
01/10/2018,1205157,0,0.07692308,0.007981387,0.024928978,0.018204512,0.293370148,0.28105738,0.003517684,0.034391468,0.296354531,0.015999068,0.014300417,118.6,53.9,126,Train
01/11/2018,1301909,0,0.21428571,0.014135199,0.010317415,0.014722489,0.019140777,0.799775572,0.002890141,0.020373112,0.023580174,0.015357443,0.082085773,117.5,56.5,127,Train
01/12/2018,1374235,0,0.18181818,0.012179983,0.007675434,0.009719296,0.013408719,0.012503885,0.0022512,0.891638555,0.032839599,0.01124574,0.006745733,118.3,53.8,127,Train
01/01/2019,1501766,0.125,0,0.012179983,0.007902012,0.926502955,0.006906583,0.007356317,0.001237042,0.010683929,0.015876973,0.008507775,0.008252579,111.2,51.9,125,Train
01/02/2019,1588161,0.2,0,0.012179983,0.00913583,0.010982222,0.01550839,0.015663199,0.002633408,0.883302687,0.026965748,0.013089331,0.008521782,113.8,51.2,125,Train
01/03/2019,1410187,0,0.1,0.007981387,0.916704013,0.008691021,0.016507452,0.00665593,0.002305237,0.008658174,0.011962062,0.012996982,0.006714957,118.4,51.9,126,Train
01/04/2019,1468766,0.22222222,0.11111111,0.014135199,0.010613018,0.02097472,0.025602826,0.576277391,0.002611931,0.030435927,0.30025831,0.012327433,0.008806486,117.2,52.5,126,Train
01/05/2019,1326668,0.14285714,0,0.00752527,0.004668156,0.005929864,0.008497831,0.007847505,0.001448118,0.937465323,0.01550616,0.006822343,0.004289432,120,42.7,126,Train
01/06/2019,1185445,0.09090909,0.09090909,0.006269785,0.004998241,0.00744467,0.007909282,0.011014566,0.001010187,0.011561038,0.940668073,0.006786929,0.00233723,118.2,52.5,126,Train
01/07/2019,1315792,0,0.1,0.006821813,0.004066998,0.005149912,0.007258052,0.006581377,0.001285016,0.945380866,0.013642305,0.006084769,0.003728892,118.4,52.6,126,Train
01/08/2019,1512447,0.28571429,0,0.006467173,0.004573411,0.005366916,0.007201634,0.005549157,0.001259577,0.005555554,0.004138051,0.010703912,0.949184615,109.8,51.4,127,Train
01/09/2019,1561274,0.1,0,0.006025279,0.006358876,0.009403199,0.010060525,0.013108485,0.00127194,0.014185357,0.925822417,0.008575705,0.003111315,113.2,50.5,128,Train
01/10/2019,1618337,0.28571429,0,0.006816521,0.005418332,0.008443267,0.008507449,0.011720141,0.001101072,0.013416057,0.934648304,0.007353143,0.002575714,115.5,50,127,Train
01/11/2019,1809580,0.28571429,0,0.003246041,0.002667116,0.003032156,0.006034099,0.963258566,0.000727801,0.005543993,0.009191136,0.002939255,0.003359838,116.8,51,127,Train
01/12/2019,1710168,0.28571429,0,0.012179983,0.008390508,0.922970821,0.007537958,0.007716444,0.00129799,0.011159409,0.016488334,0.008670433,0.008362866,119.3,50.8,126,Train
01/01/2020,1994125,0.16666667,0,0.006025279,0.006358876,0.009403199,0.010060525,0.013108485,0.00127194,0.014185357,0.925822417,0.008575705,0.003111315,119.8,50.6,127,Train
01/02/2020,1242731,0.07142857,0.14285714,0.014135199,0.011171524,0.010814228,0.013162076,0.012677204,0.004472429,0.025886842,0.084794094,0.01210342,0.009728404,121,51.6,128,Train
01/03/2020,449923,0,0.33333333,0.007981387,0.0164593,0.014395144,0.013074889,0.019198932,0.005288708,0.028426616,0.11850954,0.753724377,0.017076903,109.1,53.6,132,Train
01/04/2020,0,0,0,0.007981387,0.819168284,0.017300285,0.033299904,0.015750968,0.004618691,0.020954417,0.02850577,0.026252783,0.014409459,91.8,32.7,133,Train
01/05/2020,0,0.3,0,0.014135199,0.010541186,0.008250382,0.011232531,0.008769951,0.004287781,0.01610198,0.017905321,0.010602537,0.010731328,92.3,42.7,133,Train
01/06/2020,0,0,0,0.012179983,0.008240971,0.011702431,0.012988349,0.016615229,0.001627028,0.018603189,0.904903105,0.011073886,0.00411227,98.1,51.1,131,Train
01/07/2020,0,0,0.1,0.012179983,0.00912856,0.007210959,0.010196433,0.007903379,0.003646788,0.015066741,0.015236549,0.00922443,0.009690193,92.5,47.6,129,Train
01/08/2020,0,0.18181818,0,0.007125379,0.005891314,0.009019441,0.009911587,0.012221253,0.001173462,0.014248171,0.929523294,0.00805903,0.002827068,94.1,45.7,128,Train
01/09/2020,0,0,0,0.013623969,0.009509431,0.01081604,0.015189994,0.011441397,0.002458092,0.011752802,0.009236361,0.021733631,0.895307526,100.4,52.2,128,Train
01/10/2020,0,0,0,0.012179983,0.008588561,0.011958802,0.017181608,0.864014032,0.002215096,0.019587006,0.045816567,0.010909413,0.00966743,101.8,50.6,127,Train
01/11/2020,0,0.3,0.1,0.012179983,0.009108238,0.007644214,0.009938702,0.007859139,0.003619117,0.014374562,0.015240771,0.009081677,0.009541084,96.9,47.4,126,Train
01/12/2020,0,0.07142857,0.07142857,0.014135199,0.010553038,0.004144863,0.93787003,0.009525321,0.000951326,0.009093917,0.011225063,0.004490418,0.006552182,100.7,51.7,123,Train
01/01/2021,0,0,0,0.00913583,0.015608803,0.008382189,0.008384593,0.007998262,0.043181672,0.014467678,0.015579767,0.854406246,0.016202918,99,51.3,123,Train
01/02/2021,0,0.125,0.125,0.006025279,0.006054591,0.008191156,0.010343123,0.010033839,0.001876436,0.916912406,0.02101867,0.010085599,0.005629069,96.8,51.6,124,Train
01/03/2021,0,0.25,0.125,0.008884087,0.006721543,0.008328555,0.01173366,0.010983425,0.002030948,0.910454785,0.022313673,0.009780633,0.006177284,104.9,53.6,126,Train
01/04/2021,0,0,0,0.012179983,0.007755759,0.012736699,0.014396095,0.017596751,0.002459916,0.704855896,0.206117023,0.01244943,0.005773766,108.3,54.7,125,Train
01/05/2021,0,0,0.2,0.007981387,0.892793116,0.009965963,0.019640158,0.008433338,0.004598206,0.011588016,0.01491612,0.016425463,0.008575953,102.9,53.1,124,Train
01/06/2021,0,0.11111111,0,0.007981387,0.29489095,0.611004714,0.015054655,0.009792653,0.0025497,0.012957169,0.019352572,0.013927225,0.010145909,105.5,44.1,125,Train
01/07/2021,0,0.22222222,0.11111111,0.012179983,0.008608284,0.916989642,0.007496165,0.008475245,0.001378355,0.011570075,0.019490995,0.009381796,0.00862587,101.2,45.1,127,Train
01/08/2021,0,0.08333333,0.08333333,0.006025279,0.00613979,0.00779152,0.01078191,0.009696578,0.001773713,0.919106327,0.021615009,0.008630298,0.005299612,90.3,40.2,127,Train
01/09/2021,0,0.11111111,0.11111111,0.007646776,0.005504654,0.006480178,0.008570532,0.006781823,0.001506816,0.006810507,0.005039907,0.012961899,0.938696909,92.8,40.2,127,Train
01/10/2021,0,0,0,0.014135199,0.00996147,0.007801309,0.010682713,0.008705677,0.004056085,0.016222248,0.015907262,0.010118216,0.010352504,91.7,52.1,128,Train
01/11/2021,400,0.1,0.3,0.014135199,0.013131508,0.09247426,0.017685471,0.023154248,0.002536295,0.02470296,0.783967884,0.020125366,0.008037222,87.4,47.4,129,Train
01/12/2021,3100,0,0.16666667,0.012179983,0.00709767,0.008145839,0.011349512,0.010854715,0.002087055,0.912424827,0.019268153,0.010596594,0.006404579,90.6,46.4,130,Train
01/01/2022,5800,0,0.09090909,0.006304892,0.005725046,0.006400621,0.013487773,0.920378873,0.001460694,0.012981716,0.019114159,0.006096402,0.008049825,87.2,53.7,126,Validation
01/02/2022,1558,0.1,0,0.004589715,0.004343443,0.004742187,0.010124471,0.941997093,0.001083343,0.008891889,0.014627463,0.004365166,0.00523523,82.8,54.3,126,Validation
01/03/2022,15000,0,0.1,0.008884087,0.006579603,0.008106679,0.011748622,0.011105458,0.001958125,0.912497093,0.022196104,0.009450157,0.006013184,79.4,51.7,127,Validation
01/04/2022,70000,0,0.08333333,0.013623969,0.009521873,0.899734397,0.008847763,0.009823386,0.001539866,0.01502152,0.027470113,0.010280915,0.009295519,85.2,51.7,128,Validation
01/05/2022,136000,0.36363636,0,0.014135199,0.013623969,0.00710543,0.007289308,0.006112265,0.003400496,0.01102157,0.014020898,0.916162405,0.013447757,78.4,54.7,130,Validation
01/06/2022,185000,0,0,0.014135199,0.009897314,0.003868561,0.941371662,0.009214107,0.00085201,0.009131088,0.010304264,0.004024396,0.005924125,70,54,131,Validation
01/07/2022,320000,0.125,0,0.012179983,0.008984074,0.006048673,0.005532659,0.005078306,0.002822429,0.009647085,0.011355324,0.933032422,0.011109271,71.5,51.2,133,Validation
01/08/2022,486407,0.125,0,0.012179983,0.007644725,0.004282439,0.005468436,0.005972106,0.928973029,0.009125285,0.008170596,0.012555379,0.006263522,78.2,52.7,133,Validation
01/09/2022,431909,0.25,0,0.007981387,0.912485093,0.008251794,0.018000158,0.007118926,0.002563042,0.009301173,0.012161603,0.01388812,0.007115291,78.6,52.5,136,Validation
01/10/2022,484355,0,0.16666667,0.008884087,0.006874691,0.007499113,0.01694528,0.905339427,0.001665865,0.014151325,0.024961056,0.0071901,0.008105413,79.9,50.6,137,Test
01/11/2022,596919,0.3,0,0.014135199,0.01178408,0.004666048,0.930885565,0.010719197,0.001016249,0.009893548,0.012285172,0.005086161,0.007416558,76.8,47.4,135,Test
01/12/2022,707071,0,0.2,0.014135199,0.011207845,0.011569842,0.00895489,0.008247229,0.004040153,0.01141204,0.011558286,0.687271683,0.235749721,79.7,46.4,132,Test
01/01/2023,871162,0.22222222,0,0.012179983,0.009310807,0.007591811,0.005897928,0.00558404,0.003062641,0.009651919,0.011839654,0.920522545,0.01982298,84.9,47.4,131,Test
01/02/2023,932969,0,0.18181818,0.014135199,0.012350444,0.011253678,0.011372049,0.010016269,0.004376824,0.013083132,0.012109492,0.398810589,0.513662344,87,51.2,132,Test
01/03/2023,895425,0,0.14285714,0.007677216,0.00549976,0.006600529,0.008774445,0.006815452,0.001511684,0.006875399,0.005081425,0.012976025,0.938188064,82,47.7,132,Test
01/04/2023,984146,0,0.22222222,0.014135199,0.013834637,0.013933125,0.015536946,0.013426345,0.004298836,0.016206591,0.01406491,0.133689191,0.758958566,83.5,46.7,131,Test
01/05/2023,916257,0,0.125,0.014135199,0.010915507,0.069198828,0.028062287,0.808925337,0.002339029,0.019029945,0.028213442,0.010470754,0.012450279,79.2,45.3,131,Test
01/06/2023,975010,0,0.11111111,0.012179983,0.007915578,0.008841146,0.014125175,0.011846079,0.002181626,0.904664327,0.021187513,0.010468105,0.00687997,84.4,46.2,131,Test