Month,Tourist Arrival,Number of Posts,Number of Comments,Airbnb Vietnam,Vietnam restaurant,Shopping in Hanoi,Shopping in Ho Chi Minh, Vietnam tour , Skyscanner , Vietnam visa , Vietnam airport , Vietnam flights  , Danang airport , Hoi An , Vietnam weather , Visa for Vietnam , Sgn airport , Phu Quoc , Vietnam itinerary , Vietnam trip , Things to do in Hue , Vietnam backpackers ,NegativityQDAP,PositivityQDAP,TOPIC 1,TOPIC 2,TOPIC 3,TOPIC 4,TOPIC 5,TOPIC 6,TOPIC 7,TOPIC 8,TOPIC 9,TOPIC 10,Class
01/01/2008,399556,403,3049,11,59,32,8,58,7,69,52,73,27,27,58,29,18,20,0,32,0,8,0.18181818,0.09090909,0.008714993,0.010894473,0.889993195,0.011227505,0.010640964,0.001709834,0.014931973,0.027565786,0.014080746,0.010240533,Train
01/02/2008,411032,357,3211,0,51,0,0,46,6,61,35,53,18,27,58,31,10,19,5,39,7,5,0,0.09090909,0.009084854,0.010974071,0.00722121,0.006829131,0.006409651,0.005451212,0.011672885,0.014947726,0.913561268,0.013847992,Train
01/03/2008,414332,344,3153,0,57,7,24,58,6,61,51,57,31,27,50,29,38,28,6,30,0,0,0.14285714,0,0.008164083,0.005849203,0.006916745,0.009096501,0.00719614,0.001610877,0.007281315,0.005533491,0.0141983,0.934153344,Train
01/04/2008,395900,338,3184,0,51,6,9,58,6,66,43,53,35,27,41,30,25,22,8,45,0,8,0.21428571,0.07142857,0.007528202,0.013788933,0.005867428,0.911019639,0.012190712,0.001258646,0.014063044,0.019446225,0.006806929,0.008030241,Train
01/05/2008,366387,369,2964,0,57,0,7,57,6,63,46,58,17,27,44,24,16,22,5,47,0,9,0,0.1,0.008862369,0.007257191,0.010529022,0.011619018,0.014288134,0.001458239,0.01596848,0.915464025,0.010944356,0.003609168,Train
01/06/2008,352945,361,2968,19,47,15,6,46,7,65,44,49,12,25,36,24,28,18,14,55,0,5,0.14285714,0,0.011264041,0.006632302,0.008489192,0.011277242,0.010574615,0.002002643,0.911306671,0.022794844,0.009589391,0.006069058,Train
01/07/2008,330000,384,2931,0,65,11,9,56,7,66,48,54,28,29,35,26,23,20,16,47,0,11,0,0,0.006494644,0.008933366,0.007294856,0.006192367,0.006247156,0.002975053,0.013054853,0.023750069,0.914466022,0.010591613,Train
01/08/2008,339000,468,3233,0,54,11,19,63,7,58,53,55,15,31,44,27,25,22,0,46,14,6,0.06666667,0,0.006556454,0.004657665,0.005528876,0.007312184,0.00574145,0.001293913,0.005695757,0.004158457,0.011156893,0.94789835,Train
01/09/2008,286389,462,3244,0,58,20,10,46,6,67,38,53,17,27,41,31,19,18,0,38,0,6,0.0625,0.0625,0.912572929,0.009167139,0.007478999,0.010277565,0.007760442,0.003640147,0.014375693,0.015068047,0.009056028,0.01060301,Train
01/10/2008,296742,511,3802,0,47,9,7,48,5,62,45,49,16,30,45,29,11,25,0,27,0,10,0.18181818,0.09090909,0.91416954,0.009037253,0.007137762,0.010139143,0.007654235,0.003592803,0.014689031,0.015028052,0.008843205,0.009708976,Train
01/11/2008,279904,511,3802,35,57,14,14,44,6,70,59,58,41,31,60,29,23,26,9,35,0,8,0.125,0,0.896473431,0.010178174,0.008040726,0.011368679,0.008673088,0.003972347,0.020622542,0.020221429,0.010483221,0.009966363,Train
01/12/2008,358048,503,3373,0,49,9,21,47,4,55,48,62,19,33,52,25,17,28,0,38,0,11,0,0,0.012554705,0.009509414,0.010816018,0.015189967,0.011441372,0.002458088,0.01175278,0.009236341,0.021733609,0.895307706,Train
01/01/2009,370000,566,4306,0,54,10,11,47,7,62,49,84,28,30,48,28,9,23,14,48,0,11,0,0.08333333,0.017232776,0.23518203,0.016060741,0.524610903,0.025355671,0.003596273,0.022642217,0.124488436,0.017702686,0.013128266,Train
01/02/2009,342913,450,3356,0,56,12,9,56,7,64,45,65,36,36,43,27,10,29,0,34,0,11,0,0.25,0.012671869,0.016954172,0.012852941,0.011269333,0.010696088,0.005004721,0.019441079,0.024702287,0.865229426,0.021178086,Train
01/03/2009,303489,485,3500,7,48,17,16,51,7,55,37,57,14,38,37,21,25,38,8,36,0,9,0.14285714,0.07142857,0.005961899,0.004288932,0.005045035,0.006678978,0.005183318,0.00118354,0.005106646,0.003715335,0.010205171,0.952631147,Train
01/04/2009,305430,473,3168,0,49,4,7,53,8,55,37,63,15,40,46,31,10,30,7,48,0,5,0,0,0.006030683,0.007286314,0.931647007,0.006069895,0.006962694,0.001107239,0.009717377,0.017024765,0.007459949,0.006694077,Train
01/05/2009,292843,517,3702,0,43,11,0,50,8,58,51,58,10,38,40,29,31,31,8,38,5,11,0,0,0.880086675,0.012732172,0.009911968,0.013845623,0.011609913,0.005115163,0.020009214,0.021337646,0.012473688,0.012877937,Train
01/06/2009,279147,505,4240,0,42,6,16,52,9,59,42,64,10,39,37,31,22,30,5,47,5,9,0,0,0.008091697,0.917544757,0.007537014,0.020438511,0.006703348,0.002133515,0.007944164,0.011288583,0.011932899,0.006385513,Train
01/07/2009,271422,538,4240,0,51,4,7,54,10,62,47,62,24,42,45,30,15,36,13,51,0,8,0,0.14285714,0.007917178,0.014649351,0.005931214,0.913877762,0.012842324,0.00127387,0.012636498,0.015721601,0.006363171,0.008787032,Train
01/08/2009,314915,655,4527,0,56,18,15,55,10,59,52,64,20,43,42,27,19,36,10,52,7,11,0.15384615,0.07692308,0.006144808,0.004789911,0.00733485,0.007572948,0.010097117,0.000972167,0.011204511,0.943089269,0.006556664,0.002237754,Train
01/09/2009,304419,647,4542,7,57,0,0,44,9,71,46,61,25,46,61,33,18,36,17,46,0,0,0.16666667,0,0.004911732,0.00501415,0.004968147,0.01026059,0.938575735,0.001142271,0.008916241,0.016271871,0.004589767,0.005349495,Train
01/10/2009,227859,692,4825,0,62,0,8,53,9,69,49,56,8,49,63,34,0,40,14,38,6,8,0,0,0.007325927,0.009066355,0.00583175,0.005371987,0.005011055,0.0029128,0.009838377,0.012341887,0.931190476,0.011109385,Train
01/11/2009,387871,715,5323,0,62,7,16,52,9,69,54,64,21,51,69,41,17,48,15,55,0,14,0,0,0.011040814,0.006498068,0.007953652,0.011222193,0.011724171,0.001981447,0.914953836,0.019135573,0.00934381,0.006146438,Train
01/12/2009,376400,704,4723,0,59,6,12,41,7,61,46,51,16,49,51,33,19,49,20,34,9,0,0,0,0.008711372,0.915783157,0.008090476,0.017723581,0.006909469,0.002351284,0.008666134,0.011527648,0.012922489,0.00731439,Train
01/01/2010,416249,571,3872,0,64,0,15,55,11,74,56,79,34,53,60,39,22,49,15,48,7,10,0,0.05,0.005825097,0.011451297,0.004411101,0.935364498,0.009738477,0.000949756,0.009378815,0.011485141,0.004748437,0.00664738,Train
01/02/2010,446323,491,3627,0,62,17,9,48,11,69,54,65,33,42,48,29,13,44,17,38,0,12,0,0.07692308,0.004806418,0.007282118,0.004975231,0.004516974,0.004515092,0.002367725,0.008231351,0.010759364,0.943494533,0.009051195,Train
01/03/2010,473509,488,3595,0,70,8,5,53,10,70,50,60,18,58,47,34,24,70,13,47,6,7,0.14285714,0,0.915350261,0.00894009,0.007071288,0.009834768,0.007569628,0.003564069,0.014619812,0.014970166,0.00874595,0.009333967,Train
01/04/2010,432608,480,3213,0,66,8,17,60,11,63,55,61,27,58,49,38,18,61,12,51,0,16,0,0.11111111,0.014135199,0.009946486,0.012280165,0.018855612,0.487137786,0.002357276,0.024499163,0.414176837,0.011889618,0.006924973,Train
01/05/2010,350982,524,3755,0,58,12,5,49,11,64,54,71,18,53,45,39,25,59,16,49,0,13,0,0.17647059,0.007981387,0.196179473,0.008975449,0.691937787,0.01658949,0.005134599,0.014309692,0.017409617,0.015929354,0.0124533,Train
01/06/2010,375707,513,4300,0,52,0,9,50,11,58,52,61,31,52,38,34,25,50,8,41,0,11,0.16666667,0.33333333,0.007981387,0.016422915,0.009965087,0.757281338,0.020510128,0.002108695,0.029273323,0.127740874,0.009773846,0.008804511,Train
01/07/2010,410000,545,3621,0,65,10,12,50,13,63,49,62,27,57,54,35,24,50,13,52,12,10,0,0,0.012179983,0.008327415,0.011853263,0.013148365,0.016798889,0.001661289,0.020420743,0.90208466,0.011220296,0.004173354,Train
01/08/2010,427935,665,4591,0,70,6,12,55,13,67,55,62,17,59,45,37,21,49,17,60,10,18,0,0.07692308,0.012179983,0.007842471,0.00966206,0.014689475,0.01352623,0.002272125,0.889493645,0.032509052,0.011047088,0.006873281,Train
01/09/2010,383463,656,4607,0,64,18,11,46,13,62,53,52,35,55,40,35,12,46,15,44,0,9,0.18181818,0.18181818,0.007981387,0.016441156,0.00927031,0.659973023,0.226946792,0.002205671,0.023328724,0.02899763,0.008466557,0.012328949,Train
01/10/2010,440071,701,4894,0,66,6,13,48,12,62,55,57,27,62,61,32,17,54,17,53,4,11,0.15384615,0,0.014135199,0.013410168,0.010148082,0.35713641,0.245027047,0.00214879,0.0209635,0.320715604,0.008145633,0.007642859,Train
01/11/2010,428295,726,5400,0,64,5,16,56,11,66,47,52,15,67,56,41,27,56,12,57,6,9,0.14285714,0.14285714,0.014135199,0.01276229,0.005138925,0.923372227,0.011789345,0.001191822,0.011977361,0.013602787,0.005496698,0.007725392,Train
01/12/2010,44957,714,4790,0,67,0,7,50,10,59,53,51,25,63,57,31,31,50,14,45,0,8,0.22222222,0,0.007981387,0.904574012,0.008928676,0.02019896,0.00795206,0.00253928,0.009538188,0.012779487,0.016414364,0.007527535,Train
01/01/2011,506424,666,4745,0,75,0,10,56,15,73,61,62,24,60,64,38,15,50,22,64,5,9,0.15384615,0,0.012179983,0.007037027,0.008083212,0.011748866,0.01039704,0.00211734,0.913454908,0.020074618,0.009623743,0.006182479,Train
01/02/2011,529315,571,4214,3,79,15,13,49,15,61,54,53,28,58,49,31,23,48,8,63,0,7,0,0.18181818,0.013623969,0.009765585,0.543426617,0.011285682,0.010471373,0.002275107,0.012525469,0.016311068,0.020967973,0.362115086,Train
01/03/2011,475733,568,4177,0,69,6,10,49,15,59,49,53,24,63,54,34,26,64,13,49,18,12,0.17647059,0,0.012179983,0.008385968,0.006437369,0.010081876,0.007333112,0.003529518,0.014042546,0.013813132,0.008297189,0.008693208,Train
01/04/2011,460000,558,3733,0,63,12,14,49,14,56,52,50,32,60,47,33,23,53,14,53,0,12,0.15384615,0,0.012179983,0.006972405,0.004503049,0.003999573,0.003822154,0.002835523,0.006995359,0.008694313,0.948247623,0.009147482,Train
01/05/2011,480886,609,4363,0,70,16,14,50,15,56,45,51,13,62,42,35,18,52,14,46,8,12,0.2,0,0.014135199,0.013080111,0.014950324,0.019299041,0.016213055,0.003410111,0.017703821,0.014276571,0.029000141,0.853747696,Train
01/06/2011,446966,596,4997,0,66,8,14,51,15,62,50,53,15,61,38,34,20,53,14,47,9,10,0.14285714,0.07142857,0.012179983,0.009165424,0.007247924,0.010007091,0.008118403,0.00367565,0.014462671,0.015680814,0.009632639,0.009616182,Train
01/07/2011,460000,634,4207,0,78,8,14,52,16,58,54,59,24,61,46,34,23,60,13,52,5,12,0.25,0,0.007981387,0.916589214,0.008030663,0.017331641,0.00673563,0.002530536,0.008544287,0.011553779,0.012417728,0.006795265,Train
01/08/2011,552234,772,5335,0,72,15,14,51,16,59,53,52,27,60,39,37,20,57,13,56,6,9,0.125,0,0.008884087,0.006716767,0.010253657,0.014040587,0.582623636,0.001863559,0.022036729,0.338563034,0.009485539,0.005490568,Train
01/09/2011,286618,762,5353,0,69,12,17,48,15,59,53,54,25,70,45,40,17,53,12,56,6,10,0,0,0.007981387,0.017852018,0.009598243,0.755520039,0.123447135,0.002255788,0.02573125,0.030783984,0.009019175,0.012525184,Train
01/10/2011,518477,815,5687,4,79,12,18,47,15,63,57,53,33,69,56,38,25,57,19,57,0,9,0.1875,0,0.012179983,0.007741088,0.011417623,0.012178014,0.015512852,0.001565007,0.019044576,0.908113632,0.010753944,0.003847893,Train
01/11/2011,611864,843,6274,0,72,7,13,53,14,62,54,47,26,70,48,37,23,54,19,58,0,12,0.22222222,0,0.014135199,0.00986735,0.905893067,0.009081083,0.009831122,0.001547833,0.013518828,0.021572466,0.010367738,0.009633475,Train
01/12/2011,593408,830,5566,0,79,13,18,48,13,59,54,47,32,79,57,33,25,54,13,52,3,8,0.125,0,0.014135199,0.011767182,0.004787614,0.934193128,0.010562647,0.000947583,0.009717561,0.011002061,0.004720074,0.006493534,Train
01/01/2012,630000,785,5785,0,78,18,7,52,20,64,58,60,36,55,56,40,18,44,22,67,0,11,0,0,0.012179983,0.007275312,0.00868353,0.012758984,0.011056596,0.002237931,0.902689053,0.0232605,0.011884786,0.007036342,Train
01/02/2012,681849,696,5082,5,76,15,10,51,18,63,57,51,36,75,49,43,25,57,20,43,0,10,0.07142857,0.14285714,0.014135199,0.014166052,0.008203036,0.010503001,0.0113634,0.866321093,0.017790548,0.016068903,0.022802369,0.011675959,Train
01/03/2012,561877,671,4936,0,73,13,13,48,19,57,55,49,27,73,48,34,19,62,21,43,3,11,0.06666667,0.13333333,0.008884087,0.006768375,0.002401448,0.963228699,0.00563316,0.000531369,0.005454097,0.006417038,0.00251188,0.003784263,Train
01/04/2012,620000,659,4412,0,62,19,14,50,20,56,46,56,33,61,43,34,25,55,13,42,0,11,0.0625,0.0625,0.005161046,0.004499134,0.006438543,0.006679007,0.009542062,0.000853449,0.009640316,0.949440392,0.005817102,0.001928949,Train
01/05/2012,615523,720,5157,2,62,8,19,48,22,59,50,52,25,64,36,38,28,46,14,40,0,9,0.1,0,0.007981387,0.094451511,0.01116259,0.01308996,0.008940294,0.005225391,0.014398866,0.018873767,0.803469188,0.017650775,Train
01/06/2012,417429,704,5905,0,69,14,15,50,22,56,48,49,21,60,36,37,16,53,24,41,6,10,0,0,0.014135199,0.012152717,0.005272584,0.924182758,0.011571409,0.001089651,0.011973001,0.014237889,0.005215603,0.007337729,Train
01/07/2012,466000,749,4972,4,70,14,14,52,25,62,54,56,29,63,40,44,30,56,15,46,7,14,0.1,0,0.012179983,0.007486745,0.937910784,0.005806066,0.006181433,0.001049496,0.00883145,0.013370389,0.006983634,0.006680024,Train
01/08/2012,525292,913,6305,0,72,9,18,53,23,57,58,53,41,70,43,38,31,57,19,50,10,11,0,0.1,0.008884087,0.00666682,0.007711792,0.015005169,0.90777886,0.001667365,0.014942807,0.023784136,0.007180533,0.007965697,Train
01/09/2012,460238,901,6326,0,66,12,16,49,23,60,52,55,36,72,43,39,20,47,14,44,2,9,0.15384615,0,0.008884087,0.006721543,0.008328555,0.01173366,0.010983425,0.002030948,0.910454785,0.022313673,0.009780633,0.006177284,Train
01/10/2012,495576,963,6721,3,68,15,13,50,24,64,54,55,26,77,55,41,20,53,24,47,5,12,0.16666667,0,0.012179983,0.007266444,0.009725399,0.012172807,0.014671191,0.001400704,0.016850747,0.91625291,0.009023591,0.003378849,Train
01/11/2012,655701,996,7415,0,69,13,16,49,21,67,51,51,33,78,47,40,27,62,16,43,7,14,0.14285714,0.14285714,0.006025279,0.006031795,0.007551682,0.009967137,0.010180651,0.001004165,0.010691155,0.939443286,0.006705009,0.002349036,Train
01/12/2012,614673,981,6578,0,69,9,13,46,19,61,54,45,35,79,51,37,27,53,14,40,9,15,0,0.11111111,0.012179983,0.009216604,0.00576348,0.005520416,0.00509033,0.002763327,0.008838262,0.011632515,0.934280356,0.010945532,Train
01/01/2013,651812,801,5531,4,72,6,16,51,30,69,63,65,42,76,57,43,32,58,27,55,9,14,0.22222222,0,0.014135199,0.011690164,0.00844836,0.007429006,0.00681899,0.003556996,0.012249023,0.015383524,0.91121352,0.014768586,Train
01/02/2013,570476,689,5082,5,73,11,14,48,30,64,56,54,34,67,48,42,28,53,27,46,0,16,0.22222222,0.11111111,0.007981387,0.902746858,0.010319685,0.01917087,0.008045834,0.002636984,0.010336614,0.014192773,0.014362661,0.007827527,Train
01/03/2013,587366,685,5038,0,69,11,18,48,30,62,55,50,59,86,48,41,20,68,21,43,6,17,0,0,0.014135199,0.012873971,0.005137991,0.923739781,0.011080623,0.001144269,0.011392573,0.013523537,0.006003493,0.007852144,Train
01/04/2013,613919,673,4503,0,66,11,11,51,32,60,53,48,50,83,42,37,17,59,19,48,6,13,0.08333333,0,0.006123951,0.005412332,0.006048116,0.012140534,0.926692766,0.001370976,0.011201067,0.018732135,0.005658292,0.006619832,Train
01/05/2013,558751,734,5263,9,65,9,14,51,33,57,47,48,25,76,39,37,21,52,22,47,5,13,0.07142857,0.14285714,0.014135199,0.011370866,0.010216121,0.013298895,0.010328914,0.004881556,0.016299632,0.015053547,0.015242377,0.081820203,Train
01/06/2013,567291,718,6026,6,59,16,14,50,32,63,54,50,41,78,42,43,31,54,25,53,4,15,0.1,0,0.006668981,0.005593389,0.009010936,0.009180787,0.011085153,0.001118719,0.011908698,0.934223773,0.008511939,0.002697625,Train
01/07/2013,658325,764,5074,9,68,16,21,56,36,63,58,55,35,82,41,42,30,53,21,56,12,11,0.22222222,0,0.013623969,0.009644944,0.010875511,0.015980729,0.011568241,0.00247327,0.01185218,0.009335278,0.021770295,0.893864496,Train
01/08/2013,676719,931,6434,6,69,16,17,51,34,62,53,52,49,80,43,42,31,53,25,43,7,14,0.15384615,0,0.007981387,0.020814669,0.089603204,0.782790147,0.018289537,0.002210901,0.018550092,0.024241831,0.014915633,0.015742654,Train
01/09/2013,614827,919,6456,5,64,13,11,48,32,67,51,48,32,80,48,46,26,45,26,46,4,11,0,0.125,0.008884087,0.006689444,0.007865359,0.010369442,0.008237618,0.001818497,0.008427855,0.006381462,0.015667277,0.925196306,Train
01/10/2013,628695,983,6858,6,67,17,19,49,32,72,60,53,45,79,55,48,28,48,19,46,5,13,0,0,0.014135199,0.012093959,0.009630239,0.013429145,0.010580383,0.004567598,0.019515146,0.020738497,0.012022462,0.012494727,Train
01/11/2013,713034,1017,7567,13,69,15,16,49,30,71,64,54,34,79,100,48,28,50,28,46,11,16,0,0,0.014135199,0.014135199,0.005442315,0.919400174,0.011969238,0.001178502,0.012912167,0.013959515,0.005942543,0.007951698,Train
01/12/2013,722349,1001,6713,8,72,18,22,45,27,67,55,42,38,79,58,43,28,55,22,51,9,17,0.16666667,0.16666667,0.006354919,0.004001407,0.005337352,0.007435426,0.006478603,0.001257646,0.947785625,0.011560383,0.006013731,0.003774907,Train
01/01/2014,776174,729,4984,3,75,14,19,50,41,77,61,62,49,74,59,48,24,50,31,53,10,15,0.08333333,0.08333333,0.00913583,0.01573653,0.106579385,0.015550015,0.016369859,0.005573083,0.033644798,0.107154992,0.016088555,0.01594761,Train
01/02/2014,842026,626,4623,7,72,19,20,49,39,70,61,57,45,84,53,50,39,53,25,53,6,8,0.2,0,0.00773546,0.004929618,0.006528685,0.008687366,0.008481034,0.001510418,0.926338248,0.023778405,0.00784245,0.004168317,Train
01/03/2014,709725,623,4582,7,68,11,17,51,39,62,60,48,46,87,48,42,32,77,23,48,7,14,0.11111111,0,0.00893407,0.005849044,0.006968367,0.011401317,0.009223614,0.001751326,0.923463529,0.017949946,0.009084029,0.005374759,Train
01/04/2014,74598,612,4095,11,70,14,20,49,41,68,55,43,45,91,41,46,30,60,33,47,7,16,0,0,0.014135199,0.011527387,0.0085788,0.008011992,0.008057701,0.003512014,0.011933691,0.015942625,0.909811307,0.014793369,Train
01/05/2014,674204,668,4787,15,69,13,21,46,41,65,54,42,33,75,38,45,29,65,30,46,9,17,0,0,0.014135199,0.010541186,0.008250382,0.011232531,0.008769951,0.004287781,0.01610198,0.017905321,0.010602537,0.010731328,Train
01/06/2014,539776,653,5481,16,61,13,16,49,44,68,52,45,40,77,38,41,23,61,24,48,4,16,0.33333333,0,0.012179983,0.008151329,0.009482121,0.012765939,0.017106369,0.002267652,0.898866574,0.021005867,0.010434235,0.007703604,Train
01/07/2014,564736,695,4615,15,69,11,13,50,51,68,58,46,39,85,43,46,27,56,29,47,10,20,0,0.27272727,0.007981387,0.096878534,0.013856474,0.470834779,0.023443616,0.005138832,0.232196993,0.028450469,0.015144101,0.015857112,Train
01/08/2014,618588,847,5852,21,75,10,10,52,49,70,56,48,41,87,41,46,37,55,28,47,12,21,0,0,0.013623969,0.009544529,0.011693035,0.021985747,0.872288446,0.002260128,0.019228828,0.031665204,0.009998842,0.011086109,Train
01/09/2014,590881,836,5872,19,70,18,17,51,46,81,60,44,41,77,42,44,42,50,36,52,6,14,0,0,0.012179983,0.007405539,0.930784743,0.006459968,0.006888285,0.001149632,0.009924938,0.016028257,0.007678383,0.007272648,Train
01/10/2014,559002,894,6238,13,66,10,22,48,44,77,54,48,44,82,42,48,34,57,24,53,9,14,0,0.11111111,0.012179983,0.006952293,0.00968086,0.010576043,0.008527377,0.001874201,0.00874603,0.006754124,0.015981659,0.92129312,Train
01/11/2014,608617,925,6883,11,73,15,22,51,41,78,54,46,43,82,46,54,30,75,36,47,12,19,0.125,0,0.008728162,0.005539131,0.006892345,0.009617102,0.008753879,0.001699135,0.927032654,0.017852963,0.008740779,0.005143851,Train
01/12/2014,657304,910,6106,23,75,13,27,47,39,75,61,40,49,84,59,48,41,78,32,49,8,22,0,0,0.012179983,0.007981387,0.003652359,0.950006982,0.007055246,0.000683567,0.007037981,0.011457398,0.003377847,0.004572058,Train
01/01/2015,700692,809,5856,29,72,12,18,60,54,81,64,61,45,85,58,57,34,67,41,59,9,21,0,0.08333333,0.007013354,0.005528148,0.008271396,0.008847373,0.011492785,0.001109004,0.01250344,0.935115748,0.007492228,0.002626526,Train
01/02/2015,756000,671,4955,23,78,13,15,48,52,67,54,45,50,73,48,45,37,57,30,54,13,18,0.27272727,0.18181818,0.006025279,0.006295286,0.008041077,0.013513907,0.856803131,0.001673305,0.017269984,0.075365386,0.007146689,0.006381241,Train
01/03/2015,617895,667,4911,22,75,11,21,56,53,75,59,49,59,94,48,50,39,83,34,55,10,15,0.25,0,0.012179983,0.008954962,0.910461523,0.008189754,0.008681863,0.001415278,0.012903428,0.022957134,0.01021852,0.008517894,Train
01/04/2015,69044,656,4390,32,68,15,17,58,50,67,60,51,49,86,47,44,39,77,35,53,10,23,0,0.07692308,0.0091184,0.005285272,0.006408906,0.009290585,0.008196906,0.001606416,0.928924856,0.018693932,0.007420419,0.005054308,Train
01/05/2015,576868,716,5130,36,65,10,20,55,52,70,57,50,48,78,47,48,34,68,33,48,13,16,0.30769231,0.07692308,0.012179983,0.008260185,0.011736043,0.01302377,0.016655996,0.001634495,0.018990931,0.904292841,0.011106433,0.004126536,Train
01/06/2015,529445,700,5875,35,64,8,15,58,57,79,59,48,41,75,43,53,34,70,33,53,10,29,0,0.5,0.007981387,0.912207537,0.008568565,0.017645905,0.007215174,0.002428139,0.009271409,0.012694858,0.01347531,0.007101354,Train
01/07/2015,593566,745,4947,30,74,16,17,66,63,72,61,54,51,90,52,54,39,76,31,56,12,30,0.07692308,0.23076923,0.014135199,0.01248831,0.004695529,0.930303086,0.010238098,0.001026336,0.00994172,0.012666818,0.004975262,0.007070739,Train
01/08/2015,664985,908,6273,41,76,18,15,59,59,71,57,53,41,87,49,54,43,79,39,55,11,22,0,0.14285714,0.009121202,0.005834666,0.006867367,0.010084201,0.010670192,0.001801848,0.925915067,0.016353459,0.008054561,0.005297438,Train
01/09/2015,626324,896,6293,35,68,18,15,46,56,78,56,51,47,79,51,55,49,70,32,54,8,20,0,0,0.012179983,0.008316206,0.010116363,0.014771643,0.013240256,0.002395765,0.889714095,0.029239989,0.011851742,0.007461408,Train
01/10/2015,649099,958,6686,38,75,15,16,54,58,80,60,52,41,77,51,55,48,77,38,54,13,17,0.08333333,0.08333333,0.006025279,0.006436405,0.009637421,0.010271237,0.013148744,0.00129229,0.015586321,0.923692439,0.008782398,0.0031203,Train
01/11/2015,732740,991,7377,35,69,18,22,59,54,75,62,51,55,79,58,52,51,69,35,58,11,22,0,0.17647059,0.012179983,0.007929213,0.00678635,0.006425365,0.005731921,0.00288396,0.007266117,0.006758716,0.57270982,0.376768251,Train
01/12/2015,760798,976,6544,37,71,14,20,57,47,78,64,52,58,82,60,52,55,67,34,52,10,22,0.11111111,0,0.006828929,0.004869331,0.005811856,0.007668349,0.006022672,0.001355375,0.005988854,0.004463271,0.011804661,0.945186701,Train
01/01/2016,815200,851,5733,32,80,14,15,61,56,83,66,67,69,85,66,58,47,69,51,64,12,23,0,0.11111111,0.012179983,0.007588966,0.009446329,0.013495322,0.012354927,0.002217652,0.894156268,0.031330802,0.010883525,0.006677923,Train
01/02/2016,843726,757,5525,34,75,11,11,57,52,74,62,54,61,81,55,50,46,61,37,57,14,27,0.0625,0,0.007981387,0.018758364,0.009795811,0.784948326,0.018152689,0.002290729,0.014971031,0.015753405,0.016346328,0.107020036,Train
01/03/2016,830608,729,5367,39,73,19,18,58,54,72,65,52,62,92,53,51,51,75,45,61,17,23,0.09090909,0,0.013623969,0.009846505,0.008133807,0.006250806,0.006109013,0.003082439,0.010998916,0.024457363,0.912820893,0.011148374,Train
01/04/2016,799612,717,5446,39,71,15,18,60,54,68,57,49,62,81,47,51,44,67,41,57,14,22,0.1,0.1,0.004663631,0.005006864,0.005594982,0.010552365,0.938811164,0.001149961,0.009022842,0.014597574,0.005068138,0.005532478,Train
01/05/2016,767373,782,5860,49,79,11,21,57,58,74,60,51,54,78,51,54,55,65,46,77,12,29,0.23076923,0,0.007981387,0.017296344,0.011289796,0.769691807,0.01922725,0.00200237,0.032932389,0.115376585,0.011172016,0.009384814,Train
01/06/2016,710574,765,5903,39,70,12,20,55,58,87,67,51,63,72,44,57,52,68,49,51,12,24,0.18181818,0,0.012179983,0.007529276,0.010817844,0.011941366,0.015329164,0.001509303,0.01868137,0.910991333,0.010159648,0.003695066,Train
01/07/2016,856438,814,5744,45,77,12,25,59,60,76,69,53,60,86,48,56,58,76,42,62,10,25,0.07142857,0.07142857,0.012179983,0.0092989,0.006180234,0.005957298,0.005362316,0.00290953,0.009810006,0.012359393,0.929780152,0.011753602,Train
01/08/2016,909866,992,7329,44,69,15,16,57,58,80,65,54,61,80,48,52,59,65,53,54,10,23,0.15384615,0.07692308,0.007981387,0.017232881,0.011687697,0.63995127,0.022391034,0.002521694,0.172997914,0.097663279,0.011136808,0.009912394,Train
01/09/2016,823135,979,6876,43,71,14,17,59,60,83,68,52,69,78,52,60,57,59,49,58,3,17,0.33333333,0.11111111,0.012179983,0.008327415,0.011853263,0.013148365,0.016798889,0.001661289,0.020420743,0.90208466,0.011220296,0.004173354,Train
01/10/2016,822145,1047,7298,50,68,13,21,61,58,81,75,58,58,84,59,59,47,65,48,59,12,20,0,0,0.007981387,0.020543255,0.006039356,0.907384248,0.01289624,0.001362584,0.012295078,0.015420332,0.007278779,0.008613346,Train
01/11/2016,936779,1083,8063,51,74,16,17,62,56,81,66,54,61,79,58,57,48,70,43,60,10,21,0.07692308,0.15384615,0.014135199,0.011017057,0.015153605,0.017078599,0.02396801,0.002209915,0.02490464,0.870546497,0.015824188,0.005874447,Train
01/12/2016,897279,1066,8183,48,82,17,23,60,49,78,77,50,74,82,66,57,61,73,42,56,13,25,0,0,0.012179983,0.008583855,0.01155201,0.013192335,0.015693908,0.001801509,0.034846098,0.886187299,0.012944699,0.004230221,Train
01/01/2017,1007238,924,6113,67,80,17,17,66,68,82,79,75,74,78,70,69,56,76,69,76,14,21,0,0,0.012179983,0.008025351,0.011468213,0.014437683,0.01574563,0.001548305,0.017331312,0.90728616,0.01066045,0.003953164,Train
01/02/2017,1199421,1010,7457,67,86,16,30,66,68,85,78,65,78,98,63,66,64,78,58,66,14,18,0.11111111,0.22222222,0.007981387,0.021948592,0.590221804,0.022719127,0.029698924,0.003813124,0.036436227,0.230959658,0.024759729,0.017182486,Train
01/03/2017,1005821,1004,7382,67,75,15,21,68,69,78,77,64,70,92,55,65,66,79,48,68,13,28,0,0.1,0.00913583,0.014798373,0.008301697,0.010704301,0.011442232,0.863737147,0.017677812,0.016211472,0.023032082,0.0118159,Train
01/04/2017,1071650,987,6607,69,85,15,25,72,62,80,70,61,61,95,56,64,65,73,60,68,18,21,0,0,0.014135199,0.009988692,0.015150632,0.015650706,0.020560638,0.001998211,0.022333698,0.882421651,0.01435064,0.005248832,Train
01/05/2017,972844,1077,7726,52,77,14,25,64,69,84,66,61,82,74,55,64,53,64,47,62,17,24,0,0.13333333,0.008514461,0.005341886,0.006604058,0.009260127,0.009205048,0.001646632,0.930589307,0.015745888,0.008036582,0.005056012,Train
01/06/2017,949362,1054,8835,70,79,18,19,63,68,79,66,56,80,82,52,61,58,67,46,57,15,27,0.33333333,0.22222222,0.005834407,0.005934651,0.006001402,0.011983446,0.927560701,0.001354809,0.010686316,0.018469005,0.005664347,0.006510914,Train
01/07/2017,1036880,1121,7441,69,85,19,21,72,78,82,79,68,83,87,60,63,76,71,51,63,14,29,0.33333333,0,0.008884087,0.006778451,0.007243582,0.014327108,0.911635684,0.001640243,0.01395461,0.022292015,0.007130252,0.007867429,Train
01/08/2017,1229163,1367,9446,66,83,21,19,71,71,82,83,60,82,83,58,69,69,68,54,68,17,26,0,0.28571429,0.012179983,0.007383066,0.00571812,0.008051689,0.006072612,0.003159322,0.011956572,0.011958971,0.007129792,0.007657454,Train
01/09/2017,975952,1349,9471,70,82,16,23,69,73,84,79,63,78,75,74,72,62,68,54,68,11,20,0,0,0.012179983,0.00912839,0.007594759,0.014641461,0.906773324,0.001711696,0.015464724,0.022522487,0.007231962,0.007593072,Train
01/10/2017,1024899,1442,10052,68,85,18,20,73,74,88,84,65,77,78,72,75,68,73,78,70,17,23,0,0.11111111,0.007981387,0.170405722,0.011474087,0.703680107,0.015583183,0.002717024,0.016358894,0.038060769,0.016454031,0.0104545,Train
01/11/2017,1172568,1492,11106,81,89,20,20,72,70,87,87,64,85,84,88,76,73,84,74,79,14,25,0.11111111,0.22222222,0.007981387,0.492550246,0.014970473,0.023895591,0.011777803,0.006310832,0.017296301,0.02360924,0.374705089,0.019586282,Train
01/12/2017,1276353,1469,9840,82,89,30,34,67,62,86,83,62,70,82,87,75,80,97,58,73,19,21,0.2,0,0.007981387,0.02144863,0.090930037,0.015419171,0.019325495,0.006168289,0.150906948,0.073752274,0.586381505,0.019548854,Train
01/01/2018,1430242,1098,7872,100,100,20,24,78,88,100,99,80,94,90,83,89,86,100,77,84,20,28,0.09090909,0.09090909,0.006297999,0.005028288,0.008250816,0.008000904,0.010879817,0.001030511,0.012307226,0.938607929,0.007159079,0.002437431,Train
01/02/2018,1431845,941,6947,74,87,20,19,63,81,91,80,65,76,77,65,74,66,82,61,74,13,22,0,0,0.012179983,0.006967338,0.935517709,0.005990695,0.006694848,0.001082667,0.009213253,0.014385936,0.007225222,0.006920602,Train
01/03/2018,1343314,936,6877,81,93,26,24,72,82,80,88,65,86,100,64,76,77,88,62,77,22,29,0,0,0.014135199,0.011381459,0.226956357,0.023045057,0.206936544,0.003235669,0.395485908,0.093885831,0.013132753,0.011390686,Train
01/04/2018,1341913,919,6154,80,82,21,27,64,78,83,78,59,73,87,60,63,69,75,62,73,22,28,0,0.2,0.012179983,0.006951088,0.007641142,0.01446613,0.904573657,0.001776896,0.013006945,0.02040897,0.008083914,0.015541754,Train
01/05/2018,1161114,1004,7197,72,79,16,24,63,78,72,77,54,77,75,54,63,69,64,63,71,16,25,0.1875,0,0.012179983,0.007012713,0.010107545,0.011178994,0.015107977,0.001407626,0.015954034,0.917301218,0.009879393,0.003465105,Train
01/06/2018,1183102,982,8229,69,81,16,17,61,76,70,72,59,70,70,53,57,61,65,53,73,13,27,0,0,0.007981387,0.035332634,0.022527364,0.027947603,0.028069134,0.364967162,0.048521652,0.046709579,0.046661752,0.030757179,Train
01/07/2018,1188817,1044,6931,69,86,17,14,68,78,76,82,64,70,79,66,67,67,65,68,67,20,38,0.22222222,0.11111111,0.014135199,0.010608064,0.004322554,0.936775985,0.009194112,0.00092615,0.009927782,0.011410089,0.004481376,0.006354143,Train
01/08/2018,1323546,1273,8856,82,90,15,19,73,74,79,81,67,73,84,64,68,65,70,62,69,15,27,0,0.18181818,0.014135199,0.010361898,0.007362124,0.010372141,0.008423815,0.003710869,0.014982141,0.015488478,0.009079509,0.009632974,Train
01/09/2018,1212597,1257,8884,68,80,23,20,61,78,79,79,62,79,69,67,66,70,64,62,74,17,22,0.125,0.125,0.014135199,0.012354578,0.007115318,0.007924722,0.006390585,0.00343911,0.011407537,0.013869961,0.914977631,0.013865519,Train
01/10/2018,1205157,1344,9419,69,80,18,14,59,72,77,71,55,77,66,60,67,66,67,61,71,12,21,0,0.07692308,0.007981387,0.024928978,0.018204512,0.293370148,0.28105738,0.003517684,0.034391468,0.296354531,0.015999068,0.014300417,Train
01/11/2018,1301909,1390,10420,69,78,23,18,62,68,84,79,62,68,73,70,68,70,77,60,71,16,26,0,0.21428571,0.014135199,0.010317415,0.014722489,0.019140777,0.799775572,0.002890141,0.020373112,0.023580174,0.015357443,0.082085773,Train
01/12/2018,1374235,1258,8518,60,93,25,29,65,58,79,77,60,78,75,71,66,72,84,63,69,18,19,0,0.18181818,0.012179983,0.007675434,0.009719296,0.013408719,0.012503885,0.0022512,0.891638555,0.032839599,0.01124574,0.006745733,Train
01/01/2019,1501766,1009,7336,71,87,17,20,74,80,87,91,80,90,79,82,76,74,93,77,78,19,26,0.125,0,0.012179983,0.007902012,0.926502955,0.006906583,0.007356317,0.001237042,0.010683929,0.015876973,0.008507775,0.008252579,Train
01/02/2019,1588161,865,6420,73,84,19,14,68,80,73,79,71,81,82,69,64,66,82,75,85,13,26,0.2,0,0.012179983,0.00913583,0.010982222,0.01550839,0.015663199,0.002633408,0.883302687,0.026965748,0.013089331,0.008521782,Train
01/03/2019,1410187,860,6363,79,90,27,22,67,77,76,81,66,89,87,64,66,72,79,76,83,17,24,0,0.1,0.007981387,0.916704013,0.008691021,0.016507452,0.00665593,0.002305237,0.008658174,0.011962062,0.012996982,0.006714957,Train
01/04/2019,1468766,845,5705,72,87,18,17,64,74,76,76,64,99,85,60,62,69,70,64,72,20,26,0.22222222,0.11111111,0.014135199,0.010613018,0.02097472,0.025602826,0.576277391,0.002611931,0.030435927,0.30025831,0.012327433,0.008806486,Train
01/05/2019,1326668,923,6685,72,83,21,16,61,77,72,76,62,69,69,61,59,62,63,59,74,13,18,0.14285714,0,0.00752527,0.004668156,0.005929864,0.008497831,0.007847505,0.001448118,0.937465323,0.01550616,0.006822343,0.004289432,Train
01/06/2019,1185445,903,7605,87,81,14,19,65,82,72,78,65,80,71,57,64,62,62,75,69,18,32,0.09090909,0.09090909,0.006269785,0.004998241,0.00744467,0.007909282,0.011014566,0.001010187,0.011561038,0.940668073,0.006786929,0.00233723,Train
01/07/2019,1315792,960,6430,75,88,18,16,67,86,75,81,67,86,82,62,70,74,67,70,68,18,25,0,0.1,0.006821813,0.004066998,0.005149912,0.007258052,0.006581377,0.001285016,0.945380866,0.013642305,0.006084769,0.003728892,Train
01/08/2019,1512447,1170,8140,71,88,20,22,70,86,79,90,75,92,79,69,73,77,64,72,73,17,21,0.28571429,0,0.006467173,0.004573411,0.005366916,0.007201634,0.005549157,0.001259577,0.005555554,0.004138051,0.010703912,0.949184615,Train
01/09/2019,1561274,1155,8165,76,81,18,23,68,82,81,86,76,68,72,62,76,88,59,76,77,21,18,0.1,0,0.006025279,0.006358876,0.009403199,0.010060525,0.013108485,0.00127194,0.014185357,0.925822417,0.008575705,0.003111315,Train
01/10/2019,1618337,1235,8658,83,92,23,19,69,87,82,93,76,90,77,67,78,95,67,78,77,18,21,0.28571429,0,0.006816521,0.005418332,0.008443267,0.008507449,0.011720141,0.001101072,0.013416057,0.934648304,0.007353143,0.002575714,Train
01/11/2019,1809580,1278,9578,77,83,26,18,74,83,84,90,76,67,78,71,80,93,79,78,77,21,20,0.28571429,0,0.003246041,0.002667116,0.003032156,0.006034099,0.963258566,0.000727801,0.005543993,0.009191136,0.002939255,0.003359838,Train
01/12/2019,1710168,1258,8518,68,85,28,24,76,76,83,93,79,91,80,75,81,82,87,71,84,17,18,0.28571429,0,0.012179983,0.008390508,0.922970821,0.007537958,0.007716444,0.00129799,0.011159409,0.016488334,0.008670433,0.008362866,Train
01/01/2020,1994125,928,6513,79,87,24,23,81,100,98,99,100,97,82,69,91,85,88,94,100,20,18,0.16666667,0,0.006025279,0.006358876,0.009403199,0.010060525,0.013108485,0.00127194,0.014185357,0.925822417,0.008575705,0.003111315,Train
01/02/2020,1242731,638,4565,47,76,14,13,51,80,66,74,74,63,70,51,51,78,65,56,71,14,19,0.07142857,0.14285714,0.014135199,0.011171524,0.010814228,0.013162076,0.012677204,0.004472429,0.025886842,0.084794094,0.01210342,0.009728404,Train
01/03/2020,449923,383,3337,33,44,6,9,30,44,52,51,61,38,40,28,28,49,40,28,34,8,19,0,0.33333333,0.007981387,0.0164593,0.014395144,0.013074889,0.019198932,0.005288708,0.028426616,0.11850954,0.753724377,0.017076903,Train
01/04/2020,0,74,542,20,34,4,2,22,14,16,22,27,7,20,19,11,30,18,14,26,3,6,0,0,0.007981387,0.819168284,0.017300285,0.033299904,0.015750968,0.004618691,0.020954417,0.02850577,0.026252783,0.014409459,Train
01/05/2020,0,92,710,22,43,4,2,21,16,19,23,33,10,26,21,13,32,27,16,25,3,5,0.3,0,0.014135199,0.010541186,0.008250382,0.011232531,0.008769951,0.004287781,0.01610198,0.017905321,0.010602537,0.010731328,Validation
01/06/2020,0,64,504,37,59,2,1,23,28,20,24,38,13,28,23,15,33,38,17,24,6,6,0,0,0.012179983,0.008240971,0.011702431,0.012988349,0.016615229,0.001627028,0.018603189,0.904903105,0.011073886,0.00411227,Validation
01/07/2020,0,48,347,30,68,3,0,24,32,18,24,28,18,26,20,13,30,38,11,22,4,5,0,0.1,0.012179983,0.00912856,0.007210959,0.010196433,0.007903379,0.003646788,0.015066741,0.015236549,0.00922443,0.009690193,Validation
01/08/2020,0,40,271,21,63,0,3,20,27,16,17,20,6,19,18,12,23,24,15,18,2,4,0.18181818,0,0.007125379,0.005891314,0.009019441,0.009911587,0.012221253,0.001173462,0.014248171,0.929523294,0.00805903,0.002827068,Validation
01/09/2020,0,49,314,17,52,0,3,19,25,15,19,21,2,19,17,12,27,24,12,20,4,2,0,0,0.013623969,0.009509431,0.01081604,0.015189994,0.011441397,0.002458092,0.011752802,0.009236361,0.021733631,0.895307526,Validation
01/10/2020,0,29,221,14,52,2,2,16,21,13,17,19,9,22,23,9,25,28,11,18,3,3,0,0,0.012179983,0.008588561,0.011958802,0.017181608,0.864014032,0.002215096,0.019587006,0.045816567,0.010909413,0.00966743,Validation
01/11/2020,0,43,329,18,43,1,2,18,18,12,14,16,6,18,17,9,17,29,10,17,2,0,0.3,0.1,0.012179983,0.009108238,0.007644214,0.009938702,0.007859139,0.003619117,0.014374562,0.015240771,0.009081677,0.009541084,Validation
01/12/2020,0,26,205,16,44,0,3,18,21,12,14,18,7,18,16,10,20,30,10,21,1,1,0.07142857,0.07142857,0.014135199,0.010553038,0.004144863,0.93787003,0.009525321,0.000951326,0.009093917,0.011225063,0.004490418,0.006552182,Validation
01/01/2021,0,39,290,20,44,1,0,19,21,11,15,17,7,17,16,10,16,29,11,22,4,2,0,0,0.00913583,0.015608803,0.008382189,0.008384593,0.007998262,0.043181672,0.014467678,0.015579767,0.854406246,0.016202918,Validation
01/02/2021,0,20,174,14,46,0,0,17,19,10,13,14,5,15,17,9,16,22,9,17,4,1,0.125,0.125,0.006025279,0.006054591,0.008191156,0.010343123,0.010033839,0.001876436,0.916912406,0.02101867,0.010085599,0.005629069,Validation
01/03/2021,0,31,249,20,44,2,2,18,21,11,14,16,6,19,15,8,20,30,13,20,4,1,0.25,0.125,0.008884087,0.006721543,0.008328555,0.01173366,0.010983425,0.002030948,0.910454785,0.022313673,0.009780633,0.006177284,Validation
01/04/2021,0,20,148,16,47,3,2,17,22,11,14,17,8,22,13,9,21,33,9,19,4,1,0,0,0.012179983,0.007755759,0.012736699,0.014396095,0.017596751,0.002459916,0.704855896,0.206117023,0.01244943,0.005773766,Validation
01/05/2021,0,15,88,12,50,1,0,20,30,13,14,17,4,18,15,11,17,26,16,26,5,1,0,0.2,0.007981387,0.892793116,0.009965963,0.019640158,0.008433338,0.004598206,0.011588016,0.01491612,0.016425463,0.008575953,Validation
01/06/2021,0,18,83,18,56,0,1,18,38,12,16,15,4,17,15,11,17,19,13,26,0,0,0.11111111,0,0.007981387,0.29489095,0.611004714,0.015054655,0.009792653,0.0025497,0.012957169,0.019352572,0.013927225,0.010145909,Validation
01/07/2021,0,9,89,14,63,1,2,16,35,11,15,16,5,16,16,9,17,20,9,20,5,0,0.22222222,0.11111111,0.012179983,0.008608284,0.916989642,0.007496165,0.008475245,0.001378355,0.011570075,0.019490995,0.009381796,0.00862587,Validation
01/08/2021,0,8,51,15,65,0,5,17,36,10,17,15,2,15,14,9,17,17,14,26,2,3,0.08333333,0.08333333,0.006025279,0.00613979,0.00779152,0.01078191,0.009696578,0.001773713,0.919106327,0.021615009,0.008630298,0.005299612,Validation
01/09/2021,0,12,94,10,57,1,4,17,38,10,15,14,0,17,15,10,20,22,11,24,4,2,0.11111111,0.11111111,0.007646776,0.005504654,0.006480178,0.008570532,0.006781823,0.001506816,0.006810507,0.005039907,0.012961899,0.938696909,Validation
01/10/2021,0,11,110,17,63,0,4,17,42,12,14,19,7,19,17,10,10,21,14,23,5,0,0,0,0.014135199,0.00996147,0.007801309,0.010682713,0.008705677,0.004056085,0.016222248,0.015907262,0.010118216,0.010352504,Validation
01/11/2021,400,10,64,11,59,4,9,19,37,13,19,21,2,16,16,13,20,22,16,29,2,2,0.1,0.3,0.014135199,0.013131508,0.09247426,0.017685471,0.023154248,0.002536295,0.02470296,0.783967884,0.020125366,0.008037222,Validation
01/12/2021,3100,10,66,11,59,2,2,15,28,12,14,21,6,17,17,10,21,24,8,21,5,3,0,0.16666667,0.012179983,0.00709767,0.008145839,0.011349512,0.010854715,0.002087055,0.912424827,0.019268153,0.010596594,0.006404579,Test
01/01/2022,5800,30,190,28,63,2,2,17,46,18,24,27,2,15,21,15,27,24,12,25,3,0,0,0.09090909,0.006304892,0.005725046,0.006400621,0.013487773,0.920378873,0.001460694,0.012981716,0.019114159,0.006096402,0.008049825,Test
01/02/2022,1558,44,347,26,65,0,4,22,57,24,28,33,11,17,22,20,27,29,16,28,1,3,0.1,0,0.004589715,0.004343443,0.004742187,0.010124471,0.941997093,0.001083343,0.008891889,0.014627463,0.004365166,0.00523523,Test
01/03/2022,15000,103,731,36,61,3,3,25,64,41,36,39,7,19,25,30,31,29,30,38,8,3,0,0.1,0.008884087,0.006579603,0.008106679,0.011748622,0.011105458,0.001958125,0.912497093,0.022196104,0.009450157,0.006013184,Test
01/04/2022,70000,185,1470,44,69,5,4,34,65,47,50,45,24,26,33,45,39,36,37,50,8,4,0,0.08333333,0.013623969,0.009521873,0.899734397,0.008847763,0.009823386,0.001539866,0.01502152,0.027470113,0.010280915,0.009295519,Test
01/05/2022,136000,249,1794,45,70,6,8,39,70,47,56,48,29,27,36,48,46,37,46,48,6,5,0.36363636,0,0.014135199,0.013623969,0.00710543,0.007289308,0.006112265,0.003400496,0.01102157,0.014020898,0.916162405,0.013447757,Test
01/06/2022,185000,223,1511,56,67,9,10,45,77,59,63,52,37,29,38,60,58,39,58,60,9,4,0,0,0.014135199,0.009897314,0.003868561,0.941371662,0.009214107,0.00085201,0.009131088,0.010304264,0.004024396,0.005924125,Test
01/07/2022,320000,282,1963,58,78,11,11,52,68,63,76,57,48,38,43,72,58,41,67,65,11,6,0.125,0,0.012179983,0.008984074,0.006048673,0.005532659,0.005078306,0.002822429,0.009647085,0.011355324,0.933032422,0.011109271,Test
01/08/2022,486407,336,2266,53,80,11,12,53,71,68,76,59,44,37,41,75,60,35,71,65,9,9,0.125,0,0.012179983,0.007644725,0.004282439,0.005468436,0.005972106,0.928973029,0.009125285,0.008170596,0.012555379,0.006263522,Test
01/09/2022,431909,330,2323,54,75,12,12,56,72,70,78,59,49,35,50,81,70,36,76,71,12,6,0.25,0,0.007981387,0.912485093,0.008251794,0.018000158,0.007118926,0.002563042,0.009301173,0.012161603,0.01388812,0.007115291,Test
01/10/2022,484355,438,3154,56,77,18,17,55,65,73,85,60,51,39,49,81,65,43,71,72,9,8,0,0.16666667,0.008884087,0.006874691,0.007499113,0.01694528,0.905339427,0.001665865,0.014151325,0.024961056,0.0071901,0.008105413,Test
01/11/2022,596919,457,3385,53,81,25,18,61,67,79,89,58,55,46,48,88,76,48,75,76,16,6,0.3,0,0.014135199,0.01178408,0.004666048,0.930885565,0.010719197,0.001016249,0.009893548,0.012285172,0.005086161,0.007416558,Test
01/12/2022,707071,410,2877,50,83,19,20,61,59,74,91,60,69,50,57,82,72,57,70,73,18,9,0,0.2,0.014135199,0.011207845,0.011569842,0.00895489,0.008247229,0.004040153,0.01141204,0.011558286,0.687271683,0.235749721,Test
01/01/2023,871162,499,3687,63,86,14,13,65,83,95,100,77,62,50,60,90,80,53,97,85,17,10,0.22222222,0,0.012179983,0.009310807,0.007591811,0.005897928,0.00558404,0.003062641,0.009651919,0.011839654,0.920522545,0.01982298,Test
01/02/2023,932969,481,3576,64,88,15,17,70,78,90,93,68,80,58,59,90,76,53,91,80,12,9,0,0.18181818,0.014135199,0.012350444,0.011253678,0.011372049,0.010016269,0.004376824,0.013083132,0.012109492,0.398810589,0.513662344,Test
01/03/2023,895425,543,4058,65,84,18,12,72,73,86,95,63,66,55,50,84,81,50,81,83,18,8,0,0.14285714,0.007677216,0.00549976,0.006600529,0.008774445,0.006815452,0.001511684,0.006875399,0.005081425,0.012976025,0.938188064,Test
01/04/2023,984146,422,3135,58,90,15,19,77,73,82,95,68,55,55,57,93,86,49,100,96,17,5,0,0.22222222,0.014135199,0.013834637,0.013933125,0.015536946,0.013426345,0.004298836,0.016206591,0.01406491,0.133689191,0.758958566,Test
01/05/2023,916257,347,2609,56,82,21,18,75,70,86,90,67,72,52,61,94,72,41,89,92,10,8,0,0.125,0.014135199,0.010915507,0.069198828,0.028062287,0.808925337,0.002339029,0.019029945,0.028213442,0.010470754,0.012450279,Test
01/06/2023,975010,328,2339,63,86,20,16,73,69,85,92,68,55,45,57,91,85,39,89,92,12,6,0,0.11111111,0.012179983,0.007915578,0.008841146,0.014125175,0.011846079,0.002181626,0.904664327,0.021187513,0.010468105,0.00687997,Test